feature,importance
area,24.68879078368676
geo_lon,21.188999706395546
geo_lat,18.55169065439535
region,17.592622851158747
floors,8.871825964711224
building_type,3.779733305033781
object_type,2.3650151938833304
kitchen_area,1.222916538441094
publication_year,0.8855484977826125
rooms_count,0.46057290118568056
publication_month,0.1097143626239135
floor,0.08349192096580374
is_first_floor,0.07049794481178173
floor_ratio,0.06523241218492973
is_last_floor,0.042901525985286695
publication_quarter,0.02044543675415186
kitchen_area_missing,0.0
is_studio,0.0
